held_out_type,n_held_out,best_threshold,A_accuracy,A_precision,A_recall,A_f1,A_auc_roc,B_accuracy,B_precision,B_recall,B_f1,B_auc_roc
balance_disorder,20,4,0.75,0.5405405405405406,1.0,0.7017543859649122,0.8645833333333334,0.8088235294117647,0.6060606060606061,1.0,0.7547169811320755,0.8645833333333334
hidden_state,134,7,0.7087912087912088,0.8785046728971962,0.7014925373134329,0.7800829875518672,0.8101679104477612,0.7087912087912088,0.8785046728971962,0.7014925373134329,0.7800829875518672,0.8101679104477612
hidden_transfer,12,4,0.7166666666666667,0.41379310344827586,1.0,0.5853658536585366,0.8645833333333334,0.7833333333333333,0.48,1.0,0.6486486486486487,0.8645833333333334
inheritance_disorder,41,4,0.8089887640449438,0.7068965517241379,1.0,0.8282828282828283,0.8473069105691057,0.8089887640449438,0.74,0.9024390243902439,0.8131868131868132,0.8473069105691057
skip_empty_string_literal,9,4,0.7017543859649122,0.34615384615384615,1.0,0.5142857142857142,0.8252314814814815,0.7368421052631579,0.35,0.7777777777777778,0.4827586206896552,0.8252314814814815
straw_man,30,4,0.782051282051282,0.6382978723404256,1.0,0.7792207792207793,0.8586805555555556,0.7948717948717948,0.675,0.9,0.7714285714285715,0.8586805555555556
type_deduction_overflow,4,4,0.6730769230769231,0.19047619047619047,1.0,0.32,0.8645833333333334,0.75,0.23529411764705882,1.0,0.38095238095238093,0.8645833333333334
uninitialised_struct,32,4,0.6625,0.5641025641025641,0.6875,0.6197183098591549,0.7262369791666667,0.6625,0.5806451612903226,0.5625,0.5714285714285714,0.7262369791666667
