method,accuracy_mean,accuracy_std,precision_mean,precision_std,recall_mean,recall_std,f1_mean,f1_std,auc_roc_mean,auc_roc_std
Method A (threshold),0.7254786538244921,0.05127922475392549,0.5348456677103971,0.21651210405922938,0.9236240671641791,0.141470183808279,0.641088857352974,0.16897190384870145,0.8326717296525713,0.04756324237474695
Method B (boolean),0.7567688419645254,0.052407030439769034,0.568188069736898,0.20874303509995776,0.8555261674351818,0.1614365461027713,0.6504004468773229,0.1584714380261463,0.8326717296525713,0.04756324237474695
