method,accuracy_mean,accuracy_std,precision_mean,precision_std,recall_mean,recall_std,f1_mean,f1_std,auc_roc_mean,auc_roc_std
Method A (threshold),0.5706900920387501,0.03904100889861835,0.18713057460484717,0.15034925986123715,0.9236240671641791,0.141470183808279,0.28148567170973166,0.16851245788740626,0.7729628268507596,0.05310217839751457
Method B (boolean),0.6449960546293065,0.015936221762029683,0.2017284282393919,0.14892973586349892,0.8555261674351818,0.1614365461027713,0.298510962898642,0.166831965926488,0.7729628268507596,0.05310217839751457
