model,accuracy_mean,accuracy_std,precision_mean,precision_std,recall_mean,recall_std,f1_mean,f1_std,auc_roc_mean,auc_roc_std
GradientBoosting,0.9877218978781851,0.012133910725178214,0.93160999768968,0.06956151626319854,0.9017602536099987,0.13863157570824006,0.9105799588557651,0.08452857552082334,0.9982083178977846,0.0025316593080110445
RandomForest,0.98949389313827,0.01315843199780349,1.0,0.0,0.8362114731221939,0.19169877945611666,0.8995970667780734,0.12310689876657616,0.9996775351024203,0.0005854020396445389
SVM,0.9641130500409116,0.007204210615336393,0.6558051093206994,0.22082131923762643,0.954351717024633,0.11655260056591114,0.7616402555210544,0.1890357085607981,0.9940674821734361,0.007049949642806195
LogisticRegression,0.9575645614858486,0.009598934806541557,0.6271594014674144,0.2238401428301076,0.943089430894309,0.11956630440540013,0.7343842486557499,0.1927311672093244,0.9908130682358878,0.009844085430075734
